name,team, played_matches,most_recent
Aaron Anselmino,RC Strasbourg,3,True
Aaron Anselmino,Borussia Dortmund,6,False
Ademola Lookman,Atlético Madrid,12,False
Ademola Lookman,Atalanta,12,True
Adrien Rabiot,Olympique de Marseille,1,False
Adrien Rabiot,AC Milan,29,True
Albert Gronbaek,Genoa,4,False
Albert Gronbaek,Hamburger SV,7,True
Alessio Castro-Montes,Royale Union Saint-Gilloise,5,False
Alessio Castro-Montes,1. FC Köln,14,True
Alex Amorim,FC Alverca,19,False
Alex Amorim,Genoa,11,True
Alex Jimenez,AC Milan,1,False
Alex Jimenez,Bournemouth,31,True
Alisson Santos,SSC Napoli,14,True
Alisson Santos,Sporting CP,18,False
Andy Diouf,Inter,19,True
Andy Diouf,RC Lens,1,False
Angel Alarcon,FC Utrecht,13,True
Angel Alarcon,FC Porto,3,False
Angel Gomes,Wolverhampton,12,True
Angel Gomes,Olympique de Marseille,14,False
Anthony Descotte,FC Volendam,14,True
Anthony Descotte,RC Sporting Charleroi,3,False
Arnaud Kalimuendo,Nottingham Forest,8,False
Arnaud Kalimuendo,Eintracht Frankfurt,19,True
Arnaud Nordin,Stade Rennais,10,True
Arnaud Nordin,1. FSV Mainz 05,13,False
Arthur Masuaku,RC Lens,4,True
Arthur Masuaku,Sunderland,3,False
Badredine Bouanani,Nice,2,False
Badredine Bouanani,VfB Stuttgart,14,True
Bas Kuipers,FC Arouca,17,True
Bas Kuipers,FC Twente,6,False
Benjamin Pavard,Olympique de Marseille,27,True
Benjamin Pavard,Inter,1,False
Bernard Nguene,Nice,6,False
Bernard Nguene,Standard Liège,14,True
Bertrand Traore,Sunderland,12,True
Bertrand Traore,AFC Ajax,1,False
Billal Brahimi,CF Estrela Amadora,4,True
Billal Brahimi,Nice,1,False
Brajan Gruda,RB Leipzig,13,True
Brajan Gruda,Brighton & Hove Albion,18,False
Bryan Zaragoza,AS Roma,4,True
Bryan Zaragoza,Celta Vigo,19,False
Calvin Verdonk,NEC Nijmegen,4,False
Calvin Verdonk,Lille,17,True
Casper Terho,Sparta Rotterdam,9,True
Casper Terho,Oud-Heverlee Leuven,12,False
Charles Herrmann,Borussia M'gladbach,1,
Charles Herrmann,Cercle Brugge,4,
Charles Vanhoutte,Nice,26,
Charles Vanhoutte,Royale Union Saint-Gilloise,5,
Christantus Uche,Crystal Palace,14,True
Christantus Uche,Getafe,3,False
Ciro Immobile,Bologna,6,False
Ciro Immobile,Paris FC,12,True
Claudio Echeverri,Girona FC,17,True
Claudio Echeverri,Bayer 04 Leverkusen,6,False
Coba Da Costa,RSC Anderlecht,5,
Coba Da Costa,Getafe,14,
Conor Gallagher,Atlético Madrid,19,False
Conor Gallagher,Tottenham Hotspur,16,True
Conrad Harder,RB Leipzig,29,True
Conrad Harder,Sporting CP,4,False
Cyril Ngonge,Espanyol,9,True
Cyril Ngonge,Torino,20,False
Darryl Bakola,Sassuolo,6,True
Darryl Bakola,Olympique de Marseille,8,False
Diego Coppola,Paris FC,13,True
Diego Coppola,Brighton & Hove Albion,4,False
Dilane Bakwa,Nottingham Forest,14,True
Dilane Bakwa,RC Strasbourg,3,False
Dodi Lukebakio,Benfica,17,True
Dodi Lukebakio,Sevilla,2,False
Donyell Malen,Aston Villa,21,False
Donyell Malen,AS Roma,18,True
Dro Fernandez,FC Barcelona,4,False
Dro Fernandez,Paris Saint-Germain,12,True
Eliesse Ben Seghir,Bayer 04 Leverkusen,10,True
Eliesse Ben Seghir,AS Monaco,2,False
Elye Wahi,Nice,14,True
Elye Wahi,Eintracht Frankfurt,10,False
Endrick,Olympique Lyonnais,16,True
Endrick,Real Madrid,1,False
Ernest Poku,Bayer 04 Leverkusen,29,True
Ernest Poku,AZ Alkmaar,1,False
Espen Van Ee,SC Heerenveen,1,
Espen Van Ee,FC Arouca,26,
Ethan Nwaneri,Olympique de Marseille,8,True
Ethan Nwaneri,Arsenal,6,False
Fabian Rieder,FC Augsburg,32,
Fabian Rieder,Stade Rennais,3,
Felix Lemarechal,Club Brugge KV,2,
Felix Lemarechal,RC Strasbourg,11,
Fer Lopez,Wolverhampton,9,
Fer Lopez,Celta Vigo,17,
Florentino Luis,Burnley,31,True
Florentino Luis,Benfica,3,False
Georges Mikautadze,Villarreal,32,True
Georges Mikautadze,Olympique Lyonnais,2,False
Giacomo Raspadori,Atlético Madrid,12,False
Giacomo Raspadori,Atalanta,13,True
Goduine Koyalipou,Levante UD,11,
Goduine Koyalipou,Angers,13,
Guido Rodriguez,West Ham United,6,False
Guido Rodriguez,Valencia,16,True
Hamed Traore,Olympique de Marseille,13,True
Hamed Traore,Bournemouth,1,False
Hong Hyun-seok,KAA Gent,18,
Hong Hyun-seok,Nantes,6,
Idrissa Gueye,Udinese,19,True
Idrissa Gueye,Metz,3,False
Isaac,Santa Clara,2,
Isaac,Hellas Verona,3,
Isak Hansen Aaroen,NEC Nijmegen,2,
Isak Hansen Aaroen,SV Werder Bremen,1,
Ismael Gharbi,FC Augsburg,6,
Ismael Gharbi,Sporting Braga,1,
Jack Harrison,Leeds United,10,False
Jack Harrison,Fiorentina,15,True
Jaydee Canvot,Toulouse,2,
Jaydee Canvot,Crystal Palace,20,
Jenson Seelt,Sunderland,2,
Jenson Seelt,VfL Wolfsburg,9,
Jeremie Boga,Juventus,15,True
Jeremie Boga,Nice,14,False
Joao Carvalho,Sporting Braga,1,
Joao Carvalho,Estoril Praia,33,
Jonah Kusi-Asare,Fulham,7,True
Jonah Kusi-Asare,FC Bayern München,1,False
Jonathan Rowe,Bologna,28,True
Jonathan Rowe,Olympique de Marseille,1,False
Justin-Noel Kalumba,Angers,4,
Justin-Noel Kalumba,Mallorca,3,
Kasper Dolberg,RSC Anderlecht,3,False
Kasper Dolberg,AFC Ajax,22,True
Kaye Furo,Club Brugge KV,5,
Kaye Furo,Brentford,1,
Kenneth Taylor,AFC Ajax,15,False
Kenneth Taylor,Lazio,17,True
Kento Shiogai,VfL Wolfsburg,11,
Kento Shiogai,NEC Nijmegen,12,
Ladislav Krejci,Wolverhampton,28,True
Ladislav Krejci,Girona FC,2,False
Leon Bailey,AS Roma,7,False
Leon Bailey,Aston Villa,13,True
Lois Openda,Juventus,24,True
Lois Openda,RB Leipzig,2,False
Lorenzo Lucca,Nottingham Forest,4,True
Lorenzo Lucca,SSC Napoli,16,False
Luca Koleosho,Espanyol,3,False
Luca Koleosho,Paris FC,16,True
Luca Netz,Nottingham Forest,7,True
Luca Netz,Borussia M'gladbach,15,False
Luis Guilherme,Sporting CP,13,True
Luis Guilherme,West Ham United,5,False
Luis Vazquez,RSC Anderlecht,14,
Luis Vazquez,Getafe,17,
Makan Aiko,Tondela,18,
Makan Aiko,Fortuna Sittard,13,
Malick Mbaye,Metz,5,
Malick Mbaye,SV Zulte Waregem,6,
Mamadou Sarr,RC Strasbourg,15,True
Mamadou Sarr,Chelsea,3,False
Manor Solomon,Villarreal,6,False
Manor Solomon,Fiorentina,16,True
Marshall Munetsi,Paris FC,15,False
Marshall Munetsi,Wolverhampton,13,True
Martin Satriano,Getafe,18,True
Martin Satriano,Olympique Lyonnais,11,False
Mathias Rasmussen,Royale Union Saint-Gilloise,16,False
Mathias Rasmussen,FC St. Pauli,13,True
Matias Vecino,Celta Vigo,6,True
Matias Vecino,Lazio,13,False
Matt O'Riley,Olympique de Marseille,15,True
Matt O'Riley,Brighton & Hove Albion,6,False
Merlin Rohl,Everton,16,
Merlin Rohl,SC Freiburg,2,
Mikayil Faye,Cremonese,8,True
Mikayil Faye,Stade Rennais,1,False
Mohamed Bamba,Gil Vicente,4,
Mohamed Bamba,Lorient,18,
Mohamed Kaba,Nantes,13,True
Mohamed Kaba,Lecce,15,False
Moussa Diarra,RSC Anderlecht,12,
Moussa Diarra,Deportivo Alavés,3,
Nayef Aguerd,West Ham United,2,False
Nayef Aguerd,Olympique de Marseille,16,True
Neal Maupay,Sevilla,12,True
Neal Maupay,Olympique de Marseille,1,False
Nick Woltemade,Newcastle United,33,True
Nick Woltemade,VfB Stuttgart,1,False
Niclas Fullkrug,AC Milan,20,True
Niclas Fullkrug,West Ham United,8,False
Nico Gonzalez,Juventus,2,False
Nico Gonzalez,Atlético Madrid,24,True
Nikola Stulic,RC Sporting Charleroi,3,False
Nikola Stulic,Lecce,34,True
Nilson Angulo,Sunderland,8,True
Nilson Angulo,RSC Anderlecht,22,False
Odsonne Edouard,Crystal Palace,1,False
Odsonne Edouard,RC Lens,29,True
Oleksandr Zinchenko,AFC Ajax,2,True
Oleksandr Zinchenko,Nottingham Forest,5,False
Omri Gandelman,Lecce,19,True
Omri Gandelman,KAA Gent,18,False
Oumar Ngom,CF Estrela Amadora,11,False
Oumar Ngom,Lecce,15,True
Pablo Rosario,FC Porto,22,True
Pablo Rosario,Nice,1,False
Pascal Gross,Borussia Dortmund,11,False
Pascal Gross,Brighton & Hove Albion,19,True
Piero Hincapie,Bayer 04 Leverkusen,1,False
Piero Hincapie,Arsenal,25,True
Pol Lirola,Olympique de Marseille,3,False
Pol Lirola,Hellas Verona,6,True
Quinten Timber,Olympique de Marseille,15,True
Quinten Timber,Feyenoord,17,False
Rafa Obrador,Benfica,1,False
Rafa Obrador,Torino,16,True
Rafik Belghali,KV Mechelen,3,False
Rafik Belghali,Hellas Verona,26,True
Raul Moro,AFC Ajax,14,False
Raul Moro,Osasuna,14,True
Robinio Vaz,Olympique de Marseille,14,False
Robinio Vaz,AS Roma,12,True
Rosen Bozhinov,Royal Antwerp FC,16,False
Rosen Bozhinov,Pisa,9,True
Sael Kumbedi,VfL Wolfsburg,24,True
Sael Kumbedi,Olympique Lyonnais,1,False
Samuel Chukwueze,Fulham,23,True
Samuel Chukwueze,AC Milan,1,False
Seko Fofana,Stade Rennais,12,False
Seko Fofana,FC Porto,12,True
Senne Lammens,Royal Antwerp FC,4,False
Senne Lammens,Manchester United,32,True
Sheraldo Becker,1. FSV Mainz 05,14,True
Sheraldo Becker,Osasuna,9,False
Simon Adingra,Sunderland,14,False
Simon Adingra,AS Monaco,14,True
Sofiane Boufal,Royale Union Saint-Gilloise,9,False
Sofiane Boufal,Le Havre,17,True
Stanis Idumbo Muzambo,Sevilla,1,
Stanis Idumbo Muzambo,AS Monaco,8,
Stefan Posch,Como,14,False
Stefan Posch,1. FSV Mainz 05,16,True
Sydney van Hooijdonk,NAC Breda,18,False
Sydney van Hooijdonk,CF Estrela Amadora,10,True
Terem Moffi,Nice,10,False
Terem Moffi,FC Porto,9,True
Tete Morente,Lecce,16,False
Tete Morente,Elche,13,True
Tiago Gouveia,Benfica,1,False
Tiago Gouveia,Nice,15,True
Tochukwu Nnadi,Olympique de Marseille,8,True
Tochukwu Nnadi,SV Zulte Waregem,18,False
Tolu Arokodare,KRC Genk,4,False
Tolu Arokodare,Wolverhampton,33,True
Ugo Raghouber,Lille,1,
Ugo Raghouber,Levante UD,16,
Ulisses Garcia,Sassuolo,13,True
Ulisses Garcia,Olympique de Marseille,4,False
Unai Nunez,Hellas Verona,17,True
Unai Nunez,Valencia,13,False
Valentin Castellanos,Lazio,11,False
Valentin Castellanos,West Ham United,18,True
Xavi Simons,RB Leipzig,1,False
Xavi Simons,Tottenham Hotspur,28,True
Yassin Oukili,Casa Pia,8,
Yassin Oukili,Fortuna Sittard,13,
Yassir Zabiri,Stade Rennais,6,
Yassir Zabiri,Famalicão,12,
Yellu Santiago,Hellas Verona,2,
Yellu Santiago,FC Arouca,3,
Yeremy Pino,Crystal Palace,34,True
Yeremy Pino,Villarreal,2,False
Younes Namli,PEC Zwolle,13,
Younes Namli,Le Havre,12,
Zaid Romero,Club Brugge KV,1,
Zaid Romero,Getafe,15,
Ze Pedro,FC Porto,2,False
Ze Pedro,Cagliari,23,True
Zito Luvumbo,Mallorca,10,True
Zito Luvumbo,Cagliari,12,False
